rep,variant,train_run,eval_run,metric,success_rate,collision_rate,offroad_rate,timeout_rate,route_completion_mean,episode_cost_mean,safety_efficiency_score,heldout_csv
1,adaptive_default,axis3_adaptive_default_s42_rep01,eval_axis3_adaptive_default_s42_rep01,-0.54,0.44,0.18,0.52,0.56,0.6504256627453429,247.82,-0.54,runs/research_v1/eval_axis3_adaptive_default_s42_rep01/eval/heldout_random.csv
1,adaptive_loose,axis3_adaptive_loose_s42_rep01,eval_axis3_adaptive_loose_s42_rep01,-0.24500000000000008,0.57,0.28,0.32,0.43,0.7326686564796525,256.95,-0.24500000000000008,runs/research_v1/eval_axis3_adaptive_loose_s42_rep01/eval/heldout_random.csv
1,adaptive_strict,axis3_adaptive_strict_s42_rep01,eval_axis3_adaptive_strict_s42_rep01,-0.45,0.48,0.18,0.49,0.52,0.6920643284677852,224.54,-0.45,runs/research_v1/eval_axis3_adaptive_strict_s42_rep01/eval/heldout_random.csv
1,fixed003,axis3_fixed003_s42_rep01,eval_axis3_fixed003_s42_rep01,-0.7250000000000001,0.37,0.22,0.56,0.63,0.6509608514759282,282.73,-0.7250000000000001,runs/research_v1/eval_axis3_fixed003_s42_rep01/eval/heldout_random.csv
1,fixed005,axis3_fixed005_s42_rep01,eval_axis3_fixed005_s42_rep01,-0.645,0.37,0.2,0.5,0.63,0.626830757227724,267.36,-0.645,runs/research_v1/eval_axis3_fixed005_s42_rep01/eval/heldout_random.csv
1,fixed010,axis3_fixed010_s42_rep01,eval_axis3_fixed010_s42_rep01,-0.75,0.36,0.25,0.54,0.64,0.6512601044666724,273.96,-0.75,runs/research_v1/eval_axis3_fixed010_s42_rep01/eval/heldout_random.csv
2,adaptive_default,axis3_adaptive_default_s42_rep02,eval_axis3_adaptive_default_s42_rep02,-0.69,0.4,0.26,0.53,0.6,0.6483818866538291,287.37,-0.69,runs/research_v1/eval_axis3_adaptive_default_s42_rep02/eval/heldout_random.csv
2,adaptive_loose,axis3_adaptive_loose_s42_rep02,eval_axis3_adaptive_loose_s42_rep02,-0.925,0.27,0.16,0.67,0.73,0.6392563305341105,304.28,-0.925,runs/research_v1/eval_axis3_adaptive_loose_s42_rep02/eval/heldout_random.csv
2,adaptive_strict,axis3_adaptive_strict_s42_rep02,eval_axis3_adaptive_strict_s42_rep02,-0.44000000000000006,0.49,0.28,0.39,0.52,0.7169771205595008,228.28,-0.44000000000000006,runs/research_v1/eval_axis3_adaptive_strict_s42_rep02/eval/heldout_random.csv
2,fixed003,axis3_fixed003_s42_rep02,eval_axis3_fixed003_s42_rep02,-0.615,0.39,0.25,0.45,0.61,0.7104586394467438,258.09,-0.615,runs/research_v1/eval_axis3_fixed003_s42_rep02/eval/heldout_random.csv
2,fixed005,axis3_fixed005_s42_rep02,eval_axis3_fixed005_s42_rep02,-0.21500000000000005,0.57,0.23,0.34,0.43,0.741477732318327,218.44,-0.21500000000000005,runs/research_v1/eval_axis3_fixed005_s42_rep02/eval/heldout_random.csv
2,fixed010,axis3_fixed010_s42_rep02,eval_axis3_fixed010_s42_rep02,-0.4050000000000001,0.47,0.28,0.33,0.53,0.6913290061592032,252.41,-0.4050000000000001,runs/research_v1/eval_axis3_fixed010_s42_rep02/eval/heldout_random.csv
3,adaptive_default,axis3_adaptive_default_s42_rep03,eval_axis3_adaptive_default_s42_rep03,-0.585,0.39,0.18,0.49,0.61,0.6444981238287616,254.15,-0.585,runs/research_v1/eval_axis3_adaptive_default_s42_rep03/eval/heldout_random.csv
3,adaptive_loose,axis3_adaptive_loose_s42_rep03,eval_axis3_adaptive_loose_s42_rep03,-0.54,0.42,0.21,0.46,0.58,0.6494787525725155,265.78,-0.54,runs/research_v1/eval_axis3_adaptive_loose_s42_rep03/eval/heldout_random.csv
3,adaptive_strict,axis3_adaptive_strict_s42_rep03,eval_axis3_adaptive_strict_s42_rep03,-0.385,0.51,0.28,0.37,0.49,0.6996687880459924,243.46,-0.385,runs/research_v1/eval_axis3_adaptive_strict_s42_rep03/eval/heldout_random.csv
3,fixed003,axis3_fixed003_s42_rep03,eval_axis3_fixed003_s42_rep03,-0.635,0.41,0.25,0.5,0.59,0.6774937171770739,288.68,-0.635,runs/research_v1/eval_axis3_fixed003_s42_rep03/eval/heldout_random.csv
3,fixed005,axis3_fixed005_s42_rep03,eval_axis3_fixed005_s42_rep03,-0.4700000000000001,0.44,0.23,0.4,0.56,0.7000749362387839,258.86,-0.4700000000000001,runs/research_v1/eval_axis3_fixed005_s42_rep03/eval/heldout_random.csv
3,fixed010,axis3_fixed010_s42_rep03,eval_axis3_fixed010_s42_rep03,-0.715,0.39,0.3,0.5,0.61,0.6760370619143252,276.73,-0.715,runs/research_v1/eval_axis3_fixed010_s42_rep03/eval/heldout_random.csv
4,adaptive_default,axis3_adaptive_default_s42_rep04,eval_axis3_adaptive_default_s42_rep04,-0.38,0.48,0.25,0.35,0.52,0.692671845621726,252.64,-0.38,runs/research_v1/eval_axis3_adaptive_default_s42_rep04/eval/heldout_random.csv
4,adaptive_loose,axis3_adaptive_loose_s42_rep04,eval_axis3_adaptive_loose_s42_rep04,-0.62,0.4,0.18,0.54,0.6,0.6243631240246427,295.11,-0.62,runs/research_v1/eval_axis3_adaptive_loose_s42_rep04/eval/heldout_random.csv
4,adaptive_strict,axis3_adaptive_strict_s42_rep04,eval_axis3_adaptive_strict_s42_rep04,-0.635,0.37,0.19,0.5,0.63,0.6297742183709808,264.74,-0.635,runs/research_v1/eval_axis3_adaptive_strict_s42_rep04/eval/heldout_random.csv
4,fixed003,axis3_fixed003_s42_rep04,eval_axis3_fixed003_s42_rep04,-0.43,0.46,0.17,0.45,0.54,0.6684604444081086,260.6,-0.43,runs/research_v1/eval_axis3_fixed003_s42_rep04/eval/heldout_random.csv
4,fixed005,axis3_fixed005_s42_rep04,eval_axis3_fixed005_s42_rep04,-0.555,0.47,0.37,0.39,0.53,0.6870017768085954,276.45,-0.555,runs/research_v1/eval_axis3_fixed005_s42_rep04/eval/heldout_random.csv
4,fixed010,axis3_fixed010_s42_rep04,eval_axis3_fixed010_s42_rep04,-0.49,0.52,0.38,0.39,0.48,0.7008401331917041,264.65,-0.49,runs/research_v1/eval_axis3_fixed010_s42_rep04/eval/heldout_random.csv
5,adaptive_default,axis3_adaptive_default_s42_rep05,eval_axis3_adaptive_default_s42_rep05,-0.31500000000000006,0.47,0.16,0.36,0.53,0.7554165502400717,244.75,-0.31500000000000006,runs/research_v1/eval_axis3_adaptive_default_s42_rep05/eval/heldout_random.csv
5,adaptive_loose,axis3_adaptive_loose_s42_rep05,eval_axis3_adaptive_loose_s42_rep05,-0.5800000000000001,0.44,0.32,0.42,0.56,0.6654656740026532,272.87,-0.5800000000000001,runs/research_v1/eval_axis3_adaptive_loose_s42_rep05/eval/heldout_random.csv
5,adaptive_strict,axis3_adaptive_strict_s42_rep05,eval_axis3_adaptive_strict_s42_rep05,-0.67,0.42,0.26,0.54,0.58,0.7097699949019959,262.67,-0.67,runs/research_v1/eval_axis3_adaptive_strict_s42_rep05/eval/heldout_random.csv
5,fixed003,axis3_fixed003_s42_rep05,eval_axis3_fixed003_s42_rep05,-0.29,0.5,0.24,0.3,0.5,0.7342751032718978,239.13,-0.29,runs/research_v1/eval_axis3_fixed003_s42_rep05/eval/heldout_random.csv
5,fixed005,axis3_fixed005_s42_rep05,eval_axis3_fixed005_s42_rep05,-0.405,0.49,0.31,0.33,0.51,0.7295056165860995,240.2,-0.405,runs/research_v1/eval_axis3_fixed005_s42_rep05/eval/heldout_random.csv
5,fixed010,axis3_fixed010_s42_rep05,eval_axis3_fixed010_s42_rep05,-0.42500000000000004,0.47,0.23,0.4,0.53,0.7034837264201186,224.58,-0.42500000000000004,runs/research_v1/eval_axis3_fixed010_s42_rep05/eval/heldout_random.csv
6,adaptive_default,axis3_adaptive_default_s42_rep06,eval_axis3_adaptive_default_s42_rep06,-0.5549999999999999,0.37,0.12,0.49,0.63,0.6465487126726563,258.16,-0.5549999999999999,runs/research_v1/eval_axis3_adaptive_default_s42_rep06/eval/heldout_random.csv
6,adaptive_loose,axis3_adaptive_loose_s42_rep06,eval_axis3_adaptive_loose_s42_rep06,-0.375,0.49,0.2,0.41,0.51,0.7121361925457544,232.98,-0.375,runs/research_v1/eval_axis3_adaptive_loose_s42_rep06/eval/heldout_random.csv
6,adaptive_strict,axis3_adaptive_strict_s42_rep06,eval_axis3_adaptive_strict_s42_rep06,-0.47000000000000003,0.5,0.26,0.46,0.5,0.7253883383178619,223.84,-0.47000000000000003,runs/research_v1/eval_axis3_adaptive_strict_s42_rep06/eval/heldout_random.csv
6,fixed003,axis3_fixed003_s42_rep06,eval_axis3_fixed003_s42_rep06,-0.635,0.42,0.27,0.49,0.59,0.7056250326275084,263.71,-0.635,runs/research_v1/eval_axis3_fixed003_s42_rep06/eval/heldout_random.csv
6,fixed005,axis3_fixed005_s42_rep06,eval_axis3_fixed005_s42_rep06,-0.47500000000000003,0.45,0.2,0.45,0.55,0.6899226612734678,250.49,-0.47500000000000003,runs/research_v1/eval_axis3_fixed005_s42_rep06/eval/heldout_random.csv
6,fixed010,axis3_fixed010_s42_rep06,eval_axis3_fixed010_s42_rep06,-0.7,0.4,0.32,0.48,0.6,0.6998593617223983,276.77,-0.7,runs/research_v1/eval_axis3_fixed010_s42_rep06/eval/heldout_random.csv
7,adaptive_default,axis3_adaptive_default_s42_rep07,eval_axis3_adaptive_default_s42_rep07,-0.635,0.41,0.18,0.57,0.59,0.6665764736374045,255.2,-0.635,runs/research_v1/eval_axis3_adaptive_default_s42_rep07/eval/heldout_random.csv
7,adaptive_loose,axis3_adaptive_loose_s42_rep07,eval_axis3_adaptive_loose_s42_rep07,-0.5449999999999999,0.41,0.23,0.43,0.59,0.6419634967646926,264.48,-0.5449999999999999,runs/research_v1/eval_axis3_adaptive_loose_s42_rep07/eval/heldout_random.csv
7,adaptive_strict,axis3_adaptive_strict_s42_rep07,eval_axis3_adaptive_strict_s42_rep07,-0.6199999999999999,0.38,0.21,0.48,0.62,0.6066877215779543,261.99,-0.6199999999999999,runs/research_v1/eval_axis3_adaptive_strict_s42_rep07/eval/heldout_random.csv
7,fixed003,axis3_fixed003_s42_rep07,eval_axis3_fixed003_s42_rep07,-0.515,0.41,0.23,0.4,0.59,0.7031904928844169,250.34,-0.515,runs/research_v1/eval_axis3_fixed003_s42_rep07/eval/heldout_random.csv
7,fixed005,axis3_fixed005_s42_rep07,eval_axis3_fixed005_s42_rep07,-0.35500000000000004,0.47,0.19,0.37,0.53,0.6852659073583325,240.08,-0.35500000000000004,runs/research_v1/eval_axis3_fixed005_s42_rep07/eval/heldout_random.csv
7,fixed010,axis3_fixed010_s42_rep07,eval_axis3_fixed010_s42_rep07,-0.395,0.51,0.28,0.38,0.49,0.7137326323382845,243.89,-0.395,runs/research_v1/eval_axis3_fixed010_s42_rep07/eval/heldout_random.csv
8,adaptive_default,axis3_adaptive_default_s42_rep08,eval_axis3_adaptive_default_s42_rep08,-1.405,0.05,0.07,0.91,0.95,0.6604397980047019,409.15,-1.405,runs/research_v1/eval_axis3_adaptive_default_s42_rep08/eval/heldout_random.csv
8,adaptive_loose,axis3_adaptive_loose_s42_rep08,eval_axis3_adaptive_loose_s42_rep08,-0.6199999999999999,0.4,0.24,0.48,0.6,0.674681470396968,272.28,-0.6199999999999999,runs/research_v1/eval_axis3_adaptive_loose_s42_rep08/eval/heldout_random.csv
8,adaptive_strict,axis3_adaptive_strict_s42_rep08,eval_axis3_adaptive_strict_s42_rep08,-0.585,0.4,0.22,0.46,0.61,0.677278766232707,259.45,-0.585,runs/research_v1/eval_axis3_adaptive_strict_s42_rep08/eval/heldout_random.csv
8,fixed003,axis3_fixed003_s42_rep08,eval_axis3_fixed003_s42_rep08,-0.165,0.59,0.25,0.3,0.41,0.7702873577153164,203.18,-0.165,runs/research_v1/eval_axis3_fixed003_s42_rep08/eval/heldout_random.csv
8,fixed005,axis3_fixed005_s42_rep08,eval_axis3_fixed005_s42_rep08,-0.12500000000000006,0.61,0.28,0.26,0.39,0.7629271563760589,216.72,-0.12500000000000006,runs/research_v1/eval_axis3_fixed005_s42_rep08/eval/heldout_random.csv
8,fixed010,axis3_fixed010_s42_rep08,eval_axis3_fixed010_s42_rep08,-0.5499999999999999,0.4,0.17,0.48,0.6,0.6730369283195364,250.05,-0.5499999999999999,runs/research_v1/eval_axis3_fixed010_s42_rep08/eval/heldout_random.csv
9,adaptive_default,axis3_adaptive_default_s42_rep09,eval_axis3_adaptive_default_s42_rep09,-0.6699999999999999,0.38,0.15,0.59,0.62,0.6485695018899369,272.78,-0.6699999999999999,runs/research_v1/eval_axis3_adaptive_default_s42_rep09/eval/heldout_random.csv
9,adaptive_loose,axis3_adaptive_loose_s42_rep09,eval_axis3_adaptive_loose_s42_rep09,-0.66,0.42,0.25,0.54,0.58,0.7058079744454727,261.77,-0.66,runs/research_v1/eval_axis3_adaptive_loose_s42_rep09/eval/heldout_random.csv
9,adaptive_strict,axis3_adaptive_strict_s42_rep09,eval_axis3_adaptive_strict_s42_rep09,-0.565,0.45,0.26,0.48,0.55,0.6976334363683541,247.09,-0.565,runs/research_v1/eval_axis3_adaptive_strict_s42_rep09/eval/heldout_random.csv
9,fixed003,axis3_fixed003_s42_rep09,eval_axis3_fixed003_s42_rep09,-0.38,0.54,0.33,0.36,0.46,0.7472253906971363,237.62,-0.38,runs/research_v1/eval_axis3_fixed003_s42_rep09/eval/heldout_random.csv
9,fixed005,axis3_fixed005_s42_rep09,eval_axis3_fixed005_s42_rep09,-0.31499999999999995,0.53,0.24,0.37,0.47,0.745568186625847,224.26,-0.31499999999999995,runs/research_v1/eval_axis3_fixed005_s42_rep09/eval/heldout_random.csv
9,fixed010,axis3_fixed010_s42_rep09,eval_axis3_fixed010_s42_rep09,-0.28500000000000003,0.57,0.36,0.28,0.43,0.7432661038114134,214.74,-0.28500000000000003,runs/research_v1/eval_axis3_fixed010_s42_rep09/eval/heldout_random.csv
10,adaptive_default,axis3_adaptive_default_s42_rep10,eval_axis3_adaptive_default_s42_rep10,-0.7,0.34,0.18,0.53,0.66,0.655825536037362,268.24,-0.7,runs/research_v1/eval_axis3_adaptive_default_s42_rep10/eval/heldout_random.csv
10,adaptive_loose,axis3_adaptive_loose_s42_rep10,eval_axis3_adaptive_loose_s42_rep10,-0.7,0.4,0.28,0.52,0.6,0.6433095577360887,290.82,-0.7,runs/research_v1/eval_axis3_adaptive_loose_s42_rep10/eval/heldout_random.csv
10,adaptive_strict,axis3_adaptive_strict_s42_rep10,eval_axis3_adaptive_strict_s42_rep10,-0.5999999999999999,0.42,0.15,0.58,0.58,0.6625237977926074,249.91,-0.5999999999999999,runs/research_v1/eval_axis3_adaptive_strict_s42_rep10/eval/heldout_random.csv
10,fixed003,axis3_fixed003_s42_rep10,eval_axis3_fixed003_s42_rep10,-0.405,0.47,0.18,0.43,0.53,0.7154139496517488,240.06,-0.405,runs/research_v1/eval_axis3_fixed003_s42_rep10/eval/heldout_random.csv
10,fixed005,axis3_fixed005_s42_rep10,eval_axis3_fixed005_s42_rep10,-0.595,0.47,0.35,0.45,0.53,0.6983267792620369,255.45,-0.595,runs/research_v1/eval_axis3_fixed005_s42_rep10/eval/heldout_random.csv
10,fixed010,axis3_fixed010_s42_rep10,eval_axis3_fixed010_s42_rep10,-0.53,0.42,0.18,0.48,0.58,0.6969071061565748,250.46,-0.53,runs/research_v1/eval_axis3_fixed010_s42_rep10/eval/heldout_random.csv
